name,id
abseil-cpp,115295
acl,706
acme-tiny,374805
acpica,374772
age,374773
alsa-lib,374774
ansible,389704
ansible-core,165410
anubis,374775
apr,374776
apr-util,374777
argon2,374778
argp-standalone,21336
arti,374779
aspell,2808
attr,1095
autoconf,79
autoconf-archive,142
automake,103
aws-cli,374780
bash,63
bash-completion,374781
bc,83
bdftopcf,15054
binutils,131
bison,88
boost,135
brotli,2264
buf,389703
buildkit,374782
busybox,230
bzip2,102
c-ares,5840
ca-certificates,6781
caddy,374783
canokey-qemu,374784
capnproto,374785
ccache,1574
ccid,374786
chrpath,13891
cmake,1674
composer,374599
containerd,389705
coreutils,174
cpio,2809
curl,285
cython,164
dhcpcd,11429
diffoscope,374771
diffutils,436
docbook-xml,227335
docbook-xsl,25671
docker,374787
docker-cli-buildx,374788
doctest,374616
dosfstools,455
doxygen,1686
dtc,2810
e2fsprogs,646
ed,393
edk2,374789
eif_build,374292
elfutils,374790
eudev,13466
expat,107
file,113
findutils,114
flashtools,374791
flex,165
fmt,3904
freetds,8198
fuse-overlayfs,374792
fuse3,374793
gawk,136
gc,132
gcc,304
gdb,2811
gdbm,141
gettext,138
git,92
glib,2812
glibc,5401
glslang,374794
gmp,140
go,1851
go-md2man,14461
gperf,374712
gpg,374713
grep,137
groff,1253
grpcurl,242687
grub,374714
guestctl,389719
gzip,135
hardened_malloc,389726
helm,374715
hiredis,724
hivemind,374795
hugo,2301
hunspell,374716
hwdata,374717
icepick,389697
icu,1530
inotify-tools,8864
iproute2,1392
iptables,1281
iputils,2813
ipxe,10507
isl,347
jq,2420
json-c,374718
json-glib,13144
just,389698
k9s,242947
kernel-hardening-checker,373575
keyfork,389699
kmod,2503
krb5,1749
ksops-dry-run,374706
kubeconform,374708
kubectl,389700
kustomize,374796
kustomize-sops,374710
libaio,374720
libarchive,242690
libassuan,1559
libatomic-chimera,389730
libatomic_ops,1561
libbsd,1567
libcap,1647
libcap-ng,1570
libclc,374721
libdeflate,374722
libedit,1641
libev,3948
libevent,1606
libfaketime,374602
libffi,1650
libgcrypt,1623
libgpg-error,1628
libice,374723
libiconv,10656
libimobiledevice,374724
libimobiledevice-glue,342550
libksba,1649
libmd,374725
libmnl,1663
libnftnl,1681
libnghttp2,3681
libpciaccess,1703
libplist,374726
libpng,194
libqrencode,12834
libseccomp,374727
libslirp,374728
libsm,374729
libsodium,374730
libtasn1,1734
libtool,165
libtpms,116460
libucontext,17085
libusb,374731
libusbmuxd,374732
libvdpau,374733
libverto,15737
libx11,374734
libxau,374735
libxcb,1767
libxdamage,374736
libxdmcp,374737
libxext,374738
libxfixes,374739
libxml2,169
libxmu,374740
libxrandr,374741
libxrender,374742
libxshmfence,1792
libxslt,170
libxt,374743
libxxf86vm,374744
libzip,1715
libzstd,242689
linux,4695
linux-pam,374745
litestream,389733
llama-cpp,389701
lldb,374797
llvm,1685
lmdb,374617
lua,2859
luarocks,1856
lzip,344
lzo,2805
m4,168
make,1691
man-db,1882
maturin,374746
mdbook,374747
meson,1692
mimalloc,2298
mockgen,374748
mold,389687
mpc,195
mpfr,192
mtools,374749
musl,3054
musl-fts,26980
musl-obstack,146206
nasm,374750
natscli,389685
ncurses,176
nettle,2806
ninja,374770
nit,374798
nlohmann-json,242688
nodejs,1731
npm,1732
npth,374751
numactl,2507
nuspell,374752
ocismack,389735
onetbb,1905
openldap,374753
openpgp-card-tools,389737
opensc,374754
openssh,1280
openssl,543
opentofu,389702
osv-scanner,374715
patch,384
pcre2,3678
pcsc-lite,374755
pcsc-tools,18773
perl,161
perl-dbi,374766
perl-module-build,2989
perl-pod-parser,2990
perl-yaml-syck,374767
pgbouncer,374756
php,381
php-mongodb,374768
pinentry,374757
pkg-config,549
pkgconf,374769
po4a,2853
postgresql,2807
protobuf,1922
protoc-gen-go,374758
protoc-gen-go-grpc,374759
protoc-gen-grpc-gateway,374760
protoc-gen-openapiv2,374761
protoc-go-inject-tag,374762
py-alabaster,374763
py-argcomplete,374642
py-attrs,374643
py-awscrt,374764
py-babel,374644
py-bcrypt,374645
py-boto3,1924
py-botocore,374646
py-build,374613
py-certifi,374647
py-cffi,374614
py-colorama,374648
py-cparser,374649
py-cryptography,374650
py-dateutil,1753
py-decorator,374651
py-defusedxml,374652
py-distlib,374653
py-distro,374618
py-dnspython,374654
py-docutils,374655
py-flit,374619
py-fluidity,374656
py-gpep517,374620
py-gssapi,374657
py-hatch-vcs,374658
py-hatchling,374659
py-idna,374660
py-imagesize,374661
py-installer,374621
py-invoke,374662
py-jinja2,374663
py-jmespath,374664
py-jsonschema,374665
py-ldap3,374666
py-lexicon,374667
py-libarchive,374668
py-magic,374669
py-mako,374670
py-markupsafe,374671
py-netaddr,374672
py-packaging,374622
py-pam,389712
py-paramiko,374673
py-passlib,374674
py-pathspec,374675
py-pika,374676
py-pluggy,374677
py-ply,374678
py-prompt_toolkit,374679
py-pyasn1,374680
py-pycparser,374681
py-pygments,374682
py-pynacl,374683
py-pyrsistent,374684
py-pytz,374685
py-requests,374686
py-resolvelib,374615
py-ruamel.yaml,374687
py-s3transfer,374688
py-semantic-version,374689
py-setuptools,374623
py-setuptools-rust,374690
py-setuptools-scm,374624
py-six,374691
py-snowballstemmer,374692
py-sphinx,374693
py-sphinx-issues,374694
py-sphinx_rtd_theme,374695
py-sphinxcontrib-applehelp,374696
py-sphinxcontrib-devhelp,374697
py-sphinxcontrib-htmlhelp,374698
py-sphinxcontrib-jquery,374699
py-sphinxcontrib-qthelp,374700
py-sphinxcontrib-serializinghtml,374765
py-toml,374625
py-trove-classifiers,374701
py-typing-extensions,374702
py-urllib3,374626
py-vobject,374703
py-waitress,374704
py-wcwidth,374705
py-wheel,374627
py-yaml,374706
python,304
qemu,389695
range-v3,16973
re2c,7664
readline,249
redis,2803
rhash,2804
ruby,1025
runc,2795
rust,2502
rust-bindgen,374628
rustc,2502
samurai,374629
scdoc,68662
sdtool,374603
seabios,16347
sed,263
sequoia-sq,374604
sequoia-sq-wot,374635
sevctl,188189
skalibs,5486
snpguest,376758
snphost,370440
socat,1269
solidity,1028
sops,374605
spirv-headers,374606
spirv-llvm-translator,227273
spirv-tools,374607
sqlite,185
sqlite3,185
ssh-tpm-agent,389739
sshpass,12961
strace,1270
sudo,1271
swig,1272
swtpm,374608
sxctl,389690
syslinux,1273
talosctl,389694
tar,267
tcl,303
tcl8,303
terminus-font,374636
texinfo,4958
tflint,374637
tini,374638
tk,302
tmux,1274
toybox,374630
tpm2-tools,12841
tpm2-tss,374609
tree-sitter,389688
typst,389691
unixodbc,1275
usbmuxd,1276
util-linux,8179
util-macros,374806
utmps,369396
uutils,389740
uv,389693
valgrind,1277
vim,487
vulkan-headers,374610
vulkan-loader,374611
wayland,389692
wayland-protocols,374639
wget,404
xcb-proto,13646
xmlto,374641
xorgproto,17190
xorriso,1279
xtrans,374640
xxhash,2163
xz,1286
yaml,374631
yarn,2430
yq,374612
zbar,2800
zeromq,2801
zip,2802
zlib,88
